kind,etag,id,snippet.title,snippet.description,snippet.customUrl,snippet.publishedAt,snippet.thumbnails.default.url,snippet.thumbnails.default.width,snippet.thumbnails.default.height,snippet.thumbnails.medium.url,snippet.thumbnails.medium.width,snippet.thumbnails.medium.height,snippet.thumbnails.high.url,snippet.thumbnails.high.width,snippet.thumbnails.high.height,snippet.localized.title,snippet.localized.description,contentDetails.relatedPlaylists.likes,contentDetails.relatedPlaylists.uploads,statistics.viewCount,statistics.subscriberCount,statistics.hiddenSubscriberCount,statistics.videoCount
youtube#channel,lJB8pbL9XI3w1uoVksCsJfKvusY,UCDwr854iwfpjDk1ESK5ofvQ,10 Academy,"10 Academy identifies, trains and enables exceptionally talented young Africans to have an outsized impact on the world.

10 Academy’s vision is thousands of exceptionally talented Africans making social contributions that can go onto impact millions of people in Africa and the rest of the world.

10 Academy provides unique value to trainees in 6 areas:

    Connections – jobs for top performers
    Curated Content – All trainees can access high quality content that has been vetted by experts
    Community – Fellow trainees , experts and tutors create a community.
    Certification – Completion of the course leads to a certificate and a portfolio of results
    Completeness – Course provides the complete range of skills needed for a real data science job
    Cost – Training is free.",@10_academy,2020-06-28T16:17:48.747115Z,https://yt3.ggpht.com/XSMW7HmcMl5_-lc7wlijUS592Z7tAWsj3Ys_qfOtLksV9Z301evbeqnSXTOjUHbWenPiFx5twOM=s88-c-k-c0x00ffffff-no-rj,88,88,https://yt3.ggpht.com/XSMW7HmcMl5_-lc7wlijUS592Z7tAWsj3Ys_qfOtLksV9Z301evbeqnSXTOjUHbWenPiFx5twOM=s240-c-k-c0x00ffffff-no-rj,240,240,https://yt3.ggpht.com/XSMW7HmcMl5_-lc7wlijUS592Z7tAWsj3Ys_qfOtLksV9Z301evbeqnSXTOjUHbWenPiFx5twOM=s800-c-k-c0x00ffffff-no-rj,800,800,10 Academy,"10 Academy identifies, trains and enables exceptionally talented young Africans to have an outsized impact on the world.

10 Academy’s vision is thousands of exceptionally talented Africans making social contributions that can go onto impact millions of people in Africa and the rest of the world.

10 Academy provides unique value to trainees in 6 areas:

    Connections – jobs for top performers
    Curated Content – All trainees can access high quality content that has been vetted by experts
    Community – Fellow trainees , experts and tutors create a community.
    Certification – Completion of the course leads to a certificate and a portfolio of results
    Completeness – Course provides the complete range of skills needed for a real data science job
    Cost – Training is free.",,UUDwr854iwfpjDk1ESK5ofvQ,26623,416,False,651

